{
    "train_based": {
        "mean_absolute_percentage_error_TRAIN": 0.27521362174072506,
        "mean_absolute_percentage_error_VAL": 0.447316116157248,
        "params": {
            "b0": 0.7866545062733064,
            "db": 0.0,
            "k": 0.5067365099245589,
            "bss": 3.003393533601738e-07,
            "bls": 0.008368494033241476,
            "Tss": 89.4761720778744,
            "Tls": 96.68191347931759,
            "wss": 2.8002637667645125,
            "wls": 1.7296582450910707
        }
    },
    "val_based": {
        "mean_absolute_percentage_error_TRAIN": 0.3115130807633819,
        "mean_absolute_percentage_error_VAL": 0.2610729298676443,
        "params": {
            "b0": 0.40077419402657477,
            "db": 0.0,
            "k": 0.4910098566276555,
            "bss": 5.577776555947239e-05,
            "bls": 0.02097553239141732,
            "Tss": 89.92038875562002,
            "Tls": 305.685500014785,
            "wss": 1.9029266306870012,
            "wls": 1.4761629958286395
        }
    }
}