{
    "train_based": {
        "mean_absolute_percentage_error_TRAIN": 0.2659712573156544,
        "mean_absolute_percentage_error_VAL": 0.5476583043779566,
        "params": {
            "b0": 1.2461168357344796,
            "db": 0.0,
            "k": 0.8533592355183446,
            "bss": 5.852594082026241e-07,
            "bls": 0.00954331099530434,
            "Tss": 90.0,
            "Tls": 97.59958447631128,
            "wss": 2.0221222832285273,
            "wls": 1.7526396778884694
        }
    },
    "val_based": {
        "mean_absolute_percentage_error_TRAIN": 0.3432955716409753,
        "mean_absolute_percentage_error_VAL": 0.276225499680148,
        "params": {
            "b0": 0.3461433873465289,
            "db": 0.0,
            "k": 0.9694552073913935,
            "bss": 0.0,
            "bls": 0.0856886959012503,
            "Tss": 50.0792802814749,
            "Tls": 704.3445991888564,
            "wss": 0.06947623783780885,
            "wls": 2.3655102086345416
        }
    }
}