{
    "train_based": {
        "mean_absolute_percentage_error_TRAIN": 0.266603024487379,
        "mean_absolute_percentage_error_VAL": 0.30090607895588944,
        "params": {
            "b0": 1.2101870346255903,
            "db": 0.0,
            "k": 1.1630603074132593,
            "bss": 0.006147750109728647,
            "bls": 0.0699589680943205,
            "Tss": 89.61416139179394,
            "Tls": 741.4407096872387,
            "wss": 1.6160041929732945,
            "wls": 2.5527534532835268
        }
    },
    "val_based": {
        "mean_absolute_percentage_error_TRAIN": 0.28467374032936044,
        "mean_absolute_percentage_error_VAL": 0.23084634531005585,
        "params": {
            "b0": 1.064366203077999,
            "db": 0.0,
            "k": 0.5647014969223685,
            "bss": 0.00015708988443721163,
            "bls": 0.003603583145750929,
            "Tss": 1.0009197634277616,
            "Tls": 147.6879544407263,
            "wss": 1.6912435701092683,
            "wls": 0.0
        }
    }
}