{
    "train_based": {
        "mean_absolute_percentage_error_TRAIN": 0.8332224503721957,
        "mean_absolute_percentage_error_VAL": 1.4251033058878557,
        "params": {
            "b": 0.02032872424251013
        }
    },
    "val_based": {
        "mean_absolute_percentage_error_TRAIN": 0.9859592020755621,
        "mean_absolute_percentage_error_VAL": 0.9887601880125824,
        "params": {
            "b": 0.0
        }
    }
}